STATION,NAME,DATE,PRCP,TMAX,TMIN
USW00014732,"LAGUARDIA AIRPORT, NY US",1/1/2015,0,39,27
USW00014732,"LAGUARDIA AIRPORT, NY US",1/2/2015,0,42,35
USW00014732,"LAGUARDIA AIRPORT, NY US",1/3/2015,0.67,41,31
USW00014732,"LAGUARDIA AIRPORT, NY US",1/4/2015,0.31,57,41
USW00014732,"LAGUARDIA AIRPORT, NY US",1/5/2015,0,50,22
USW00014732,"LAGUARDIA AIRPORT, NY US",1/6/2015,0.05,22,18
USW00014732,"LAGUARDIA AIRPORT, NY US",1/7/2015,0,25,10
USW00014732,"LAGUARDIA AIRPORT, NY US",1/8/2015,0,21,8
USW00014732,"LAGUARDIA AIRPORT, NY US",1/9/2015,0.12,33,19
USW00014732,"LAGUARDIA AIRPORT, NY US",1/10/2015,0,24,17
USW00014732,"LAGUARDIA AIRPORT, NY US",1/11/2015,0,37,19
USW00014732,"LAGUARDIA AIRPORT, NY US",1/12/2015,0.39,39,34
USW00014732,"LAGUARDIA AIRPORT, NY US",1/13/2015,0,36,17
USW00014732,"LAGUARDIA AIRPORT, NY US",1/14/2015,0,32,17
USW00014732,"LAGUARDIA AIRPORT, NY US",1/15/2015,0,34,25
USW00014732,"LAGUARDIA AIRPORT, NY US",1/16/2015,0,42,20
USW00014732,"LAGUARDIA AIRPORT, NY US",1/17/2015,0,30,17
USW00014732,"LAGUARDIA AIRPORT, NY US",1/18/2015,1.98,43,29
USW00014732,"LAGUARDIA AIRPORT, NY US",1/19/2015,0,42,37
USW00014732,"LAGUARDIA AIRPORT, NY US",1/20/2015,0,40,32
USW00014732,"LAGUARDIA AIRPORT, NY US",1/21/2015,0,35,25
USW00014732,"LAGUARDIA AIRPORT, NY US",1/22/2015,0,39,31
USW00014732,"LAGUARDIA AIRPORT, NY US",1/23/2015,0,39,28
USW00014732,"LAGUARDIA AIRPORT, NY US",1/24/2015,0.73,40,32
USW00014732,"LAGUARDIA AIRPORT, NY US",1/25/2015,0,42,30
USW00014732,"LAGUARDIA AIRPORT, NY US",1/26/2015,0.3,30,22
USW00014732,"LAGUARDIA AIRPORT, NY US",1/27/2015,0.25,28,19
USW00014732,"LAGUARDIA AIRPORT, NY US",1/28/2015,0,34,17
USW00014732,"LAGUARDIA AIRPORT, NY US",1/29/2015,0.03,36,21
USW00014732,"LAGUARDIA AIRPORT, NY US",1/30/2015,0.15,37,20
USW00014732,"LAGUARDIA AIRPORT, NY US",1/31/2015,0,26,13
USW00014732,"LAGUARDIA AIRPORT, NY US",2/1/2015,0.04,36,20
USW00014732,"LAGUARDIA AIRPORT, NY US",2/2/2015,1.08,33,15
USW00014732,"LAGUARDIA AIRPORT, NY US",2/3/2015,0,28,14
USW00014732,"LAGUARDIA AIRPORT, NY US",2/4/2015,0,41,23
USW00014732,"LAGUARDIA AIRPORT, NY US",2/5/2015,0,40,14
USW00014732,"LAGUARDIA AIRPORT, NY US",2/6/2015,0,27,12
USW00014732,"LAGUARDIA AIRPORT, NY US",2/7/2015,0.01,36,26
USW00014732,"LAGUARDIA AIRPORT, NY US",2/8/2015,0,36,30
USW00014732,"LAGUARDIA AIRPORT, NY US",2/9/2015,0.07,31,26
USW00014732,"LAGUARDIA AIRPORT, NY US",2/10/2015,0,39,26
USW00014732,"LAGUARDIA AIRPORT, NY US",2/11/2015,0,33,22
USW00014732,"LAGUARDIA AIRPORT, NY US",2/12/2015,0,40,17
USW00014732,"LAGUARDIA AIRPORT, NY US",2/13/2015,0,22,9
USW00014732,"LAGUARDIA AIRPORT, NY US",2/14/2015,0.05,32,16
USW00014732,"LAGUARDIA AIRPORT, NY US",2/15/2015,0.01,26,5
USW00014732,"LAGUARDIA AIRPORT, NY US",2/16/2015,0,21,4
USW00014732,"LAGUARDIA AIRPORT, NY US",2/17/2015,0.13,28,14
USW00014732,"LAGUARDIA AIRPORT, NY US",2/18/2015,0,31,18
USW00014732,"LAGUARDIA AIRPORT, NY US",2/19/2015,0,27,9
USW00014732,"LAGUARDIA AIRPORT, NY US",2/20/2015,0,21,3
USW00014732,"LAGUARDIA AIRPORT, NY US",2/21/2015,0.6,32,14
USW00014732,"LAGUARDIA AIRPORT, NY US",2/22/2015,0.11,42,31
USW00014732,"LAGUARDIA AIRPORT, NY US",2/23/2015,0,38,8
USW00014732,"LAGUARDIA AIRPORT, NY US",2/24/2015,0,25,6
USW00014732,"LAGUARDIA AIRPORT, NY US",2/25/2015,0,38,21
USW00014732,"LAGUARDIA AIRPORT, NY US",2/26/2015,0,32,21
USW00014732,"LAGUARDIA AIRPORT, NY US",2/27/2015,0,30,19
USW00014732,"LAGUARDIA AIRPORT, NY US",2/28/2015,0,30,15
USW00014732,"LAGUARDIA AIRPORT, NY US",3/1/2015,0.48,30,24
USW00014732,"LAGUARDIA AIRPORT, NY US",3/2/2015,0,38,28
USW00014732,"LAGUARDIA AIRPORT, NY US",3/3/2015,0.72,36,24
USW00014732,"LAGUARDIA AIRPORT, NY US",3/4/2015,0.25,47,36
USW00014732,"LAGUARDIA AIRPORT, NY US",3/5/2015,0.6,41,20
USW00014732,"LAGUARDIA AIRPORT, NY US",3/6/2015,0,28,15
USW00014732,"LAGUARDIA AIRPORT, NY US",3/7/2015,0,39,20
USW00014732,"LAGUARDIA AIRPORT, NY US",3/8/2015,0,49,35
USW00014732,"LAGUARDIA AIRPORT, NY US",3/9/2015,0.02,54,36
USW00014732,"LAGUARDIA AIRPORT, NY US",3/10/2015,0.42,54,33
USW00014732,"LAGUARDIA AIRPORT, NY US",3/11/2015,0.02,60,37
USW00014732,"LAGUARDIA AIRPORT, NY US",3/12/2015,0,47,37
USW00014732,"LAGUARDIA AIRPORT, NY US",3/13/2015,0,43,31
USW00014732,"LAGUARDIA AIRPORT, NY US",3/14/2015,1.02,51,37
USW00014732,"LAGUARDIA AIRPORT, NY US",3/15/2015,0,47,37
USW00014732,"LAGUARDIA AIRPORT, NY US",3/16/2015,0,51,36
USW00014732,"LAGUARDIA AIRPORT, NY US",3/17/2015,0.01,54,34
USW00014732,"LAGUARDIA AIRPORT, NY US",3/18/2015,0,38,28
USW00014732,"LAGUARDIA AIRPORT, NY US",3/19/2015,0,42,29
USW00014732,"LAGUARDIA AIRPORT, NY US",3/20/2015,0.28,38,29
USW00014732,"LAGUARDIA AIRPORT, NY US",3/21/2015,0.01,48,29
USW00014732,"LAGUARDIA AIRPORT, NY US",3/22/2015,0,44,28
USW00014732,"LAGUARDIA AIRPORT, NY US",3/23/2015,0,38,24
USW00014732,"LAGUARDIA AIRPORT, NY US",3/24/2015,0,44,26
USW00014732,"LAGUARDIA AIRPORT, NY US",3/25/2015,0.05,48,32
USW00014732,"LAGUARDIA AIRPORT, NY US",3/26/2015,0.24,57,38
USW00014732,"LAGUARDIA AIRPORT, NY US",3/27/2015,0.28,46,40
USW00014732,"LAGUARDIA AIRPORT, NY US",3/28/2015,0,41,27
USW00014732,"LAGUARDIA AIRPORT, NY US",3/29/2015,0,46,27
USW00014732,"LAGUARDIA AIRPORT, NY US",3/30/2015,0,55,34
USW00014732,"LAGUARDIA AIRPORT, NY US",3/31/2015,0.14,47,36
USW00014732,"LAGUARDIA AIRPORT, NY US",4/1/2015,0,51,34
USW00014732,"LAGUARDIA AIRPORT, NY US",4/2/2015,0,63,39
USW00014732,"LAGUARDIA AIRPORT, NY US",4/3/2015,0.04,63,53
USW00014732,"LAGUARDIA AIRPORT, NY US",4/4/2015,0,60,44
USW00014732,"LAGUARDIA AIRPORT, NY US",4/5/2015,0,62,43
USW00014732,"LAGUARDIA AIRPORT, NY US",4/6/2015,0,60,39
USW00014732,"LAGUARDIA AIRPORT, NY US",4/7/2015,0.17,57,42
USW00014732,"LAGUARDIA AIRPORT, NY US",4/8/2015,0,46,38
USW00014732,"LAGUARDIA AIRPORT, NY US",4/9/2015,0.01,44,37
USW00014732,"LAGUARDIA AIRPORT, NY US",4/10/2015,0.24,57,39
USW00014732,"LAGUARDIA AIRPORT, NY US",4/11/2015,0,57,45
USW00014732,"LAGUARDIA AIRPORT, NY US",4/12/2015,0,65,44
USW00014732,"LAGUARDIA AIRPORT, NY US",4/13/2015,0,65,47
USW00014732,"LAGUARDIA AIRPORT, NY US",4/14/2015,0,65,53
USW00014732,"LAGUARDIA AIRPORT, NY US",4/15/2015,0,70,51
USW00014732,"LAGUARDIA AIRPORT, NY US",4/16/2015,0,62,47
USW00014732,"LAGUARDIA AIRPORT, NY US",4/17/2015,0.08,71,55
USW00014732,"LAGUARDIA AIRPORT, NY US",4/18/2015,0,79,54
USW00014732,"LAGUARDIA AIRPORT, NY US",4/19/2015,0,61,47
USW00014732,"LAGUARDIA AIRPORT, NY US",4/20/2015,0.95,59,45
USW00014732,"LAGUARDIA AIRPORT, NY US",4/21/2015,0.23,67,52
USW00014732,"LAGUARDIA AIRPORT, NY US",4/22/2015,0.1,67,48
USW00014732,"LAGUARDIA AIRPORT, NY US",4/23/2015,0,50,42
USW00014732,"LAGUARDIA AIRPORT, NY US",4/24/2015,0,50,39
USW00014732,"LAGUARDIA AIRPORT, NY US",4/25/2015,0,60,39
USW00014732,"LAGUARDIA AIRPORT, NY US",4/26/2015,0,61,45
USW00014732,"LAGUARDIA AIRPORT, NY US",4/27/2015,0,60,49
USW00014732,"LAGUARDIA AIRPORT, NY US",4/28/2015,0,72,51
USW00014732,"LAGUARDIA AIRPORT, NY US",4/29/2015,0,76,48
USW00014732,"LAGUARDIA AIRPORT, NY US",4/30/2015,0,64,47
USW00014732,"LAGUARDIA AIRPORT, NY US",5/1/2015,0,59,48
USW00014732,"LAGUARDIA AIRPORT, NY US",5/2/2015,0,69,48
USW00014732,"LAGUARDIA AIRPORT, NY US",5/3/2015,0,76,51
USW00014732,"LAGUARDIA AIRPORT, NY US",5/4/2015,0,82,54
USW00014732,"LAGUARDIA AIRPORT, NY US",5/5/2015,0,81,64
USW00014732,"LAGUARDIA AIRPORT, NY US",5/6/2015,0,69,58
USW00014732,"LAGUARDIA AIRPORT, NY US",5/7/2015,0,76,52
USW00014732,"LAGUARDIA AIRPORT, NY US",5/8/2015,0,79,54
USW00014732,"LAGUARDIA AIRPORT, NY US",5/9/2015,0.01,64,53
USW00014732,"LAGUARDIA AIRPORT, NY US",5/10/2015,0,82,57
USW00014732,"LAGUARDIA AIRPORT, NY US",5/11/2015,0,83,67
USW00014732,"LAGUARDIA AIRPORT, NY US",5/12/2015,0,87,63
USW00014732,"LAGUARDIA AIRPORT, NY US",5/13/2015,0,67,54
USW00014732,"LAGUARDIA AIRPORT, NY US",5/14/2015,0,72,52
USW00014732,"LAGUARDIA AIRPORT, NY US",5/15/2015,0,74,56
USW00014732,"LAGUARDIA AIRPORT, NY US",5/16/2015,0.27,75,57
USW00014732,"LAGUARDIA AIRPORT, NY US",5/17/2015,0.02,83,61
USW00014732,"LAGUARDIA AIRPORT, NY US",5/18/2015,0,71,56
USW00014732,"LAGUARDIA AIRPORT, NY US",5/19/2015,0.01,82,55
USW00014732,"LAGUARDIA AIRPORT, NY US",5/20/2015,0,66,55
USW00014732,"LAGUARDIA AIRPORT, NY US",5/21/2015,0,62,53
USW00014732,"LAGUARDIA AIRPORT, NY US",5/22/2015,0,75,55
USW00014732,"LAGUARDIA AIRPORT, NY US",5/23/2015,0,70,50
USW00014732,"LAGUARDIA AIRPORT, NY US",5/24/2015,0,81,56
USW00014732,"LAGUARDIA AIRPORT, NY US",5/25/2015,0,83,65
USW00014732,"LAGUARDIA AIRPORT, NY US",5/26/2015,0,86,67
USW00014732,"LAGUARDIA AIRPORT, NY US",5/27/2015,0.02,81,67
USW00014732,"LAGUARDIA AIRPORT, NY US",5/28/2015,0,84,67
USW00014732,"LAGUARDIA AIRPORT, NY US",5/29/2015,0,82,64
USW00014732,"LAGUARDIA AIRPORT, NY US",5/30/2015,0,83,66
USW00014732,"LAGUARDIA AIRPORT, NY US",5/31/2015,1.28,86,57
USW00014732,"LAGUARDIA AIRPORT, NY US",6/1/2015,0.77,58,51
USW00014732,"LAGUARDIA AIRPORT, NY US",6/2/2015,0.35,56,50
USW00014732,"LAGUARDIA AIRPORT, NY US",6/3/2015,0,69,53
USW00014732,"LAGUARDIA AIRPORT, NY US",6/4/2015,0,65,54
USW00014732,"LAGUARDIA AIRPORT, NY US",6/5/2015,0,68,56
USW00014732,"LAGUARDIA AIRPORT, NY US",6/6/2015,0.55,74,59
USW00014732,"LAGUARDIA AIRPORT, NY US",6/7/2015,0,73,57
USW00014732,"LAGUARDIA AIRPORT, NY US",6/8/2015,0.04,77,62
USW00014732,"LAGUARDIA AIRPORT, NY US",6/9/2015,0.01,85,67
USW00014732,"LAGUARDIA AIRPORT, NY US",6/10/2015,0,82,66
USW00014732,"LAGUARDIA AIRPORT, NY US",6/11/2015,0,92,72
USW00014732,"LAGUARDIA AIRPORT, NY US",6/12/2015,0,88,71
USW00014732,"LAGUARDIA AIRPORT, NY US",6/13/2015,0,84,72
USW00014732,"LAGUARDIA AIRPORT, NY US",6/14/2015,0.26,87,67
USW00014732,"LAGUARDIA AIRPORT, NY US",6/15/2015,0.55,81,63
USW00014732,"LAGUARDIA AIRPORT, NY US",6/16/2015,0.34,79,64
USW00014732,"LAGUARDIA AIRPORT, NY US",6/17/2015,0,79,66
USW00014732,"LAGUARDIA AIRPORT, NY US",6/18/2015,0,71,65
USW00014732,"LAGUARDIA AIRPORT, NY US",6/19/2015,0,85,67
USW00014732,"LAGUARDIA AIRPORT, NY US",6/20/2015,0,73,64
USW00014732,"LAGUARDIA AIRPORT, NY US",6/21/2015,0.54,90,69
USW00014732,"LAGUARDIA AIRPORT, NY US",6/22/2015,0,89,72
USW00014732,"LAGUARDIA AIRPORT, NY US",6/23/2015,0.07,92,76
USW00014732,"LAGUARDIA AIRPORT, NY US",6/24/2015,0,83,69
USW00014732,"LAGUARDIA AIRPORT, NY US",6/25/2015,0,85,69
USW00014732,"LAGUARDIA AIRPORT, NY US",6/26/2015,0,80,70
USW00014732,"LAGUARDIA AIRPORT, NY US",6/27/2015,1.06,74,60
USW00014732,"LAGUARDIA AIRPORT, NY US",6/28/2015,0.26,74,62
USW00014732,"LAGUARDIA AIRPORT, NY US",6/29/2015,0,78,64
USW00014732,"LAGUARDIA AIRPORT, NY US",6/30/2015,0,82,67
USW00014732,"LAGUARDIA AIRPORT, NY US",7/1/2015,0.35,85,70
USW00014732,"LAGUARDIA AIRPORT, NY US",7/2/2015,0,81,70
USW00014732,"LAGUARDIA AIRPORT, NY US",7/3/2015,0,81,67
USW00014732,"LAGUARDIA AIRPORT, NY US",7/4/2015,0,75,69
USW00014732,"LAGUARDIA AIRPORT, NY US",7/5/2015,0,85,70
USW00014732,"LAGUARDIA AIRPORT, NY US",7/6/2015,0,83,71
USW00014732,"LAGUARDIA AIRPORT, NY US",7/7/2015,0,88,75
USW00014732,"LAGUARDIA AIRPORT, NY US",7/8/2015,0.09,89,76
USW00014732,"LAGUARDIA AIRPORT, NY US",7/9/2015,0.29,79,68
USW00014732,"LAGUARDIA AIRPORT, NY US",7/10/2015,0,84,72
USW00014732,"LAGUARDIA AIRPORT, NY US",7/11/2015,0,86,72
USW00014732,"LAGUARDIA AIRPORT, NY US",7/12/2015,0,89,73
USW00014732,"LAGUARDIA AIRPORT, NY US",7/13/2015,0,85,74
USW00014732,"LAGUARDIA AIRPORT, NY US",7/14/2015,0.95,81,71
USW00014732,"LAGUARDIA AIRPORT, NY US",7/15/2015,0.01,81,72
USW00014732,"LAGUARDIA AIRPORT, NY US",7/16/2015,0,80,64
USW00014732,"LAGUARDIA AIRPORT, NY US",7/17/2015,0,80,68
USW00014732,"LAGUARDIA AIRPORT, NY US",7/18/2015,0.18,86,72
USW00014732,"LAGUARDIA AIRPORT, NY US",7/19/2015,0,94,78
USW00014732,"LAGUARDIA AIRPORT, NY US",7/20/2015,0,95,83
USW00014732,"LAGUARDIA AIRPORT, NY US",7/21/2015,0,92,75
USW00014732,"LAGUARDIA AIRPORT, NY US",7/22/2015,0,86,71
USW00014732,"LAGUARDIA AIRPORT, NY US",7/23/2015,0,85,71
USW00014732,"LAGUARDIA AIRPORT, NY US",7/24/2015,0,85,71
USW00014732,"LAGUARDIA AIRPORT, NY US",7/25/2015,0,85,71
USW00014732,"LAGUARDIA AIRPORT, NY US",7/26/2015,0.05,89,75
USW00014732,"LAGUARDIA AIRPORT, NY US",7/27/2015,0,87,76
USW00014732,"LAGUARDIA AIRPORT, NY US",7/28/2015,0,94,76
USW00014732,"LAGUARDIA AIRPORT, NY US",7/29/2015,0,95,78
USW00014732,"LAGUARDIA AIRPORT, NY US",7/30/2015,1.62,87,75
USW00014732,"LAGUARDIA AIRPORT, NY US",7/31/2015,0,91,74
USW00014732,"LAGUARDIA AIRPORT, NY US",8/1/2015,0,90,77
USW00014732,"LAGUARDIA AIRPORT, NY US",8/2/2015,0,89,73
USW00014732,"LAGUARDIA AIRPORT, NY US",8/3/2015,0,92,76
USW00014732,"LAGUARDIA AIRPORT, NY US",8/4/2015,0.3,91,70
USW00014732,"LAGUARDIA AIRPORT, NY US",8/5/2015,0,88,72
USW00014732,"LAGUARDIA AIRPORT, NY US",8/6/2015,0,82,70
USW00014732,"LAGUARDIA AIRPORT, NY US",8/7/2015,0,82,69
USW00014732,"LAGUARDIA AIRPORT, NY US",8/8/2015,0,81,69
USW00014732,"LAGUARDIA AIRPORT, NY US",8/9/2015,0,84,70
USW00014732,"LAGUARDIA AIRPORT, NY US",8/10/2015,0,81,70
USW00014732,"LAGUARDIA AIRPORT, NY US",8/11/2015,1.18,82,71
USW00014732,"LAGUARDIA AIRPORT, NY US",8/12/2015,0,85,72
USW00014732,"LAGUARDIA AIRPORT, NY US",8/13/2015,0,83,69
USW00014732,"LAGUARDIA AIRPORT, NY US",8/14/2015,0,88,71
USW00014732,"LAGUARDIA AIRPORT, NY US",8/15/2015,0,92,74
USW00014732,"LAGUARDIA AIRPORT, NY US",8/16/2015,0,92,77
USW00014732,"LAGUARDIA AIRPORT, NY US",8/17/2015,0,93,79
USW00014732,"LAGUARDIA AIRPORT, NY US",8/18/2015,0,89,77
USW00014732,"LAGUARDIA AIRPORT, NY US",8/19/2015,0,87,76
USW00014732,"LAGUARDIA AIRPORT, NY US",8/20/2015,0,87,77
USW00014732,"LAGUARDIA AIRPORT, NY US",8/21/2015,0.32,86,71
USW00014732,"LAGUARDIA AIRPORT, NY US",8/22/2015,0,84,70
USW00014732,"LAGUARDIA AIRPORT, NY US",8/23/2015,0,83,71
USW00014732,"LAGUARDIA AIRPORT, NY US",8/24/2015,0,86,73
USW00014732,"LAGUARDIA AIRPORT, NY US",8/25/2015,0,88,75
USW00014732,"LAGUARDIA AIRPORT, NY US",8/26/2015,0,83,69
USW00014732,"LAGUARDIA AIRPORT, NY US",8/27/2015,0,80,68
USW00014732,"LAGUARDIA AIRPORT, NY US",8/28/2015,0,83,66
USW00014732,"LAGUARDIA AIRPORT, NY US",8/29/2015,0,85,70
USW00014732,"LAGUARDIA AIRPORT, NY US",8/30/2015,0.08,90,72
USW00014732,"LAGUARDIA AIRPORT, NY US",8/31/2015,0,92,77
USW00014732,"LAGUARDIA AIRPORT, NY US",9/1/2015,0,88,76
USW00014732,"LAGUARDIA AIRPORT, NY US",9/2/2015,0,88,75
USW00014732,"LAGUARDIA AIRPORT, NY US",9/3/2015,0,93,76
USW00014732,"LAGUARDIA AIRPORT, NY US",9/4/2015,0,84,70
USW00014732,"LAGUARDIA AIRPORT, NY US",9/5/2015,0,80,67
USW00014732,"LAGUARDIA AIRPORT, NY US",9/6/2015,0,84,67
USW00014732,"LAGUARDIA AIRPORT, NY US",9/7/2015,0,90,71
USW00014732,"LAGUARDIA AIRPORT, NY US",9/8/2015,0,95,76
USW00014732,"LAGUARDIA AIRPORT, NY US",9/9/2015,0.14,89,76
USW00014732,"LAGUARDIA AIRPORT, NY US",9/10/2015,1.04,79,70
USW00014732,"LAGUARDIA AIRPORT, NY US",9/11/2015,0,81,66
USW00014732,"LAGUARDIA AIRPORT, NY US",9/12/2015,0.17,79,70
USW00014732,"LAGUARDIA AIRPORT, NY US",9/13/2015,0.05,79,62
USW00014732,"LAGUARDIA AIRPORT, NY US",9/14/2015,0,75,59
USW00014732,"LAGUARDIA AIRPORT, NY US",9/15/2015,0,84,65
USW00014732,"LAGUARDIA AIRPORT, NY US",9/16/2015,0,87,68
USW00014732,"LAGUARDIA AIRPORT, NY US",9/17/2015,0,87,70
USW00014732,"LAGUARDIA AIRPORT, NY US",9/18/2015,0,85,70
USW00014732,"LAGUARDIA AIRPORT, NY US",9/19/2015,0,80,69
USW00014732,"LAGUARDIA AIRPORT, NY US",9/20/2015,0,76,65
USW00014732,"LAGUARDIA AIRPORT, NY US",9/21/2015,0,73,59
USW00014732,"LAGUARDIA AIRPORT, NY US",9/22/2015,0,72,61
USW00014732,"LAGUARDIA AIRPORT, NY US",9/23/2015,0,79,59
USW00014732,"LAGUARDIA AIRPORT, NY US",9/24/2015,0,81,63
USW00014732,"LAGUARDIA AIRPORT, NY US",9/25/2015,0,73,64
USW00014732,"LAGUARDIA AIRPORT, NY US",9/26/2015,0,70,59
USW00014732,"LAGUARDIA AIRPORT, NY US",9/27/2015,0,69,56
USW00014732,"LAGUARDIA AIRPORT, NY US",9/28/2015,0,79,65
USW00014732,"LAGUARDIA AIRPORT, NY US",9/29/2015,0.08,83,71
USW00014732,"LAGUARDIA AIRPORT, NY US",9/30/2015,1.03,78,59
USW00014732,"LAGUARDIA AIRPORT, NY US",10/1/2015,0.09,64,54
USW00014732,"LAGUARDIA AIRPORT, NY US",10/2/2015,1.15,57,49
USW00014732,"LAGUARDIA AIRPORT, NY US",10/3/2015,0.36,56,49
USW00014732,"LAGUARDIA AIRPORT, NY US",10/4/2015,0,63,53
USW00014732,"LAGUARDIA AIRPORT, NY US",10/5/2015,0,65,52
USW00014732,"LAGUARDIA AIRPORT, NY US",10/6/2015,0,73,55
USW00014732,"LAGUARDIA AIRPORT, NY US",10/7/2015,0,73,59
USW00014732,"LAGUARDIA AIRPORT, NY US",10/8/2015,0,68,60
USW00014732,"LAGUARDIA AIRPORT, NY US",10/9/2015,0.5,78,62
USW00014732,"LAGUARDIA AIRPORT, NY US",10/10/2015,0,65,52
USW00014732,"LAGUARDIA AIRPORT, NY US",10/11/2015,0,70,53
USW00014732,"LAGUARDIA AIRPORT, NY US",10/12/2015,0,76,56
USW00014732,"LAGUARDIA AIRPORT, NY US",10/13/2015,0,73,62
USW00014732,"LAGUARDIA AIRPORT, NY US",10/14/2015,0,68,58
USW00014732,"LAGUARDIA AIRPORT, NY US",10/15/2015,0,64,52
USW00014732,"LAGUARDIA AIRPORT, NY US",10/16/2015,0,64,55
USW00014732,"LAGUARDIA AIRPORT, NY US",10/17/2015,0,55,43
USW00014732,"LAGUARDIA AIRPORT, NY US",10/18/2015,0,50,39
USW00014732,"LAGUARDIA AIRPORT, NY US",10/19/2015,0,53,37
USW00014732,"LAGUARDIA AIRPORT, NY US",10/20/2015,0,71,49
USW00014732,"LAGUARDIA AIRPORT, NY US",10/21/2015,0,76,57
USW00014732,"LAGUARDIA AIRPORT, NY US",10/22/2015,0,76,57
USW00014732,"LAGUARDIA AIRPORT, NY US",10/23/2015,0,65,46
USW00014732,"LAGUARDIA AIRPORT, NY US",10/24/2015,0,57,41
USW00014732,"LAGUARDIA AIRPORT, NY US",10/25/2015,0.03,68,51
USW00014732,"LAGUARDIA AIRPORT, NY US",10/26/2015,0,59,48
USW00014732,"LAGUARDIA AIRPORT, NY US",10/27/2015,0,59,46
USW00014732,"LAGUARDIA AIRPORT, NY US",10/28/2015,1.25,70,51
USW00014732,"LAGUARDIA AIRPORT, NY US",10/29/2015,0.01,74,58
USW00014732,"LAGUARDIA AIRPORT, NY US",10/30/2015,0,60,48
USW00014732,"LAGUARDIA AIRPORT, NY US",10/31/2015,0,56,43
USW00014732,"LAGUARDIA AIRPORT, NY US",11/1/2015,0,65,53
USW00014732,"LAGUARDIA AIRPORT, NY US",11/2/2015,0,63,56
USW00014732,"LAGUARDIA AIRPORT, NY US",11/3/2015,0,73,51
USW00014732,"LAGUARDIA AIRPORT, NY US",11/4/2015,0,70,55
USW00014732,"LAGUARDIA AIRPORT, NY US",11/5/2015,0,71,57
USW00014732,"LAGUARDIA AIRPORT, NY US",11/6/2015,0,75,65
USW00014732,"LAGUARDIA AIRPORT, NY US",11/7/2015,0,72,54
USW00014732,"LAGUARDIA AIRPORT, NY US",11/8/2015,0,58,48
USW00014732,"LAGUARDIA AIRPORT, NY US",11/9/2015,0,60,46
USW00014732,"LAGUARDIA AIRPORT, NY US",11/10/2015,0.27,59,52
USW00014732,"LAGUARDIA AIRPORT, NY US",11/11/2015,0.23,57,50
USW00014732,"LAGUARDIA AIRPORT, NY US",11/12/2015,0.01,60,51
USW00014732,"LAGUARDIA AIRPORT, NY US",11/13/2015,0,59,48
USW00014732,"LAGUARDIA AIRPORT, NY US",11/14/2015,0,49,43
USW00014732,"LAGUARDIA AIRPORT, NY US",11/15/2015,0,59,42
USW00014732,"LAGUARDIA AIRPORT, NY US",11/16/2015,0,68,51
USW00014732,"LAGUARDIA AIRPORT, NY US",11/17/2015,0,53,41
USW00014732,"LAGUARDIA AIRPORT, NY US",11/18/2015,0,59,45
USW00014732,"LAGUARDIA AIRPORT, NY US",11/19/2015,1.16,64,55
USW00014732,"LAGUARDIA AIRPORT, NY US",11/20/2015,0,64,47
USW00014732,"LAGUARDIA AIRPORT, NY US",11/21/2015,0,54,43
USW00014732,"LAGUARDIA AIRPORT, NY US",11/22/2015,0,56,44
USW00014732,"LAGUARDIA AIRPORT, NY US",11/23/2015,0,44,36
USW00014732,"LAGUARDIA AIRPORT, NY US",11/24/2015,0,47,33
USW00014732,"LAGUARDIA AIRPORT, NY US",11/25/2015,0,49,40
USW00014732,"LAGUARDIA AIRPORT, NY US",11/26/2015,0,60,41
USW00014732,"LAGUARDIA AIRPORT, NY US",11/27/2015,0,65,48
USW00014732,"LAGUARDIA AIRPORT, NY US",11/28/2015,0.03,62,44
USW00014732,"LAGUARDIA AIRPORT, NY US",11/29/2015,0,48,38
USW00014732,"LAGUARDIA AIRPORT, NY US",11/30/2015,0,46,34
USW00014732,"LAGUARDIA AIRPORT, NY US",12/1/2015,0.33,53,45
USW00014732,"LAGUARDIA AIRPORT, NY US",12/2/2015,0.14,57,45
USW00014732,"LAGUARDIA AIRPORT, NY US",12/3/2015,0,56,45
USW00014732,"LAGUARDIA AIRPORT, NY US",12/4/2015,0,52,44
USW00014732,"LAGUARDIA AIRPORT, NY US",12/5/2015,0,52,43
USW00014732,"LAGUARDIA AIRPORT, NY US",12/6/2015,0,53,40
USW00014732,"LAGUARDIA AIRPORT, NY US",12/7/2015,0,55,43
USW00014732,"LAGUARDIA AIRPORT, NY US",12/8/2015,0,49,41
USW00014732,"LAGUARDIA AIRPORT, NY US",12/9/2015,0,55,39
USW00014732,"LAGUARDIA AIRPORT, NY US",12/10/2015,0,61,52
USW00014732,"LAGUARDIA AIRPORT, NY US",12/11/2015,0,61,49
USW00014732,"LAGUARDIA AIRPORT, NY US",12/12/2015,0,66,53
USW00014732,"LAGUARDIA AIRPORT, NY US",12/13/2015,0,62,53
USW00014732,"LAGUARDIA AIRPORT, NY US",12/14/2015,0.28,64,51
USW00014732,"LAGUARDIA AIRPORT, NY US",12/15/2015,0.11,64,52
USW00014732,"LAGUARDIA AIRPORT, NY US",12/16/2015,0.04,52,45
USW00014732,"LAGUARDIA AIRPORT, NY US",12/17/2015,0.89,59,50
USW00014732,"LAGUARDIA AIRPORT, NY US",12/18/2015,0.01,57,39
USW00014732,"LAGUARDIA AIRPORT, NY US",12/19/2015,0,41,36
USW00014732,"LAGUARDIA AIRPORT, NY US",12/20/2015,0,44,36
USW00014732,"LAGUARDIA AIRPORT, NY US",12/21/2015,0,57,40
USW00014732,"LAGUARDIA AIRPORT, NY US",12/22/2015,0.18,62,55
USW00014732,"LAGUARDIA AIRPORT, NY US",12/23/2015,1.45,63,50
USW00014732,"LAGUARDIA AIRPORT, NY US",12/24/2015,0.01,72,59
USW00014732,"LAGUARDIA AIRPORT, NY US",12/25/2015,0.03,64,54
USW00014732,"LAGUARDIA AIRPORT, NY US",12/26/2015,0.01,59,47
USW00014732,"LAGUARDIA AIRPORT, NY US",12/27/2015,0.15,62,46
USW00014732,"LAGUARDIA AIRPORT, NY US",12/28/2015,0.05,48,35
USW00014732,"LAGUARDIA AIRPORT, NY US",12/29/2015,0.45,48,34
USW00014732,"LAGUARDIA AIRPORT, NY US",12/30/2015,0.17,48,40
USW00014732,"LAGUARDIA AIRPORT, NY US",12/31/2015,0.03,50,43
USW00014732,"LAGUARDIA AIRPORT, NY US",1/1/2016,0,43,36
USW00014732,"LAGUARDIA AIRPORT, NY US",1/2/2016,0,41,34
USW00014732,"LAGUARDIA AIRPORT, NY US",1/3/2016,0,47,36
USW00014732,"LAGUARDIA AIRPORT, NY US",1/4/2016,0,38,15
USW00014732,"LAGUARDIA AIRPORT, NY US",1/5/2016,0,30,13
USW00014732,"LAGUARDIA AIRPORT, NY US",1/6/2016,0,43,26
USW00014732,"LAGUARDIA AIRPORT, NY US",1/7/2016,0,48,32
USW00014732,"LAGUARDIA AIRPORT, NY US",1/8/2016,0,48,34
USW00014732,"LAGUARDIA AIRPORT, NY US",1/9/2016,0,47,41
USW00014732,"LAGUARDIA AIRPORT, NY US",1/10/2016,1.42,59,42
USW00014732,"LAGUARDIA AIRPORT, NY US",1/11/2016,0,42,28
USW00014732,"LAGUARDIA AIRPORT, NY US",1/12/2016,0,45,26
USW00014732,"LAGUARDIA AIRPORT, NY US",1/13/2016,0,31,24
USW00014732,"LAGUARDIA AIRPORT, NY US",1/14/2016,0,39,24
USW00014732,"LAGUARDIA AIRPORT, NY US",1/15/2016,0.01,52,34
USW00014732,"LAGUARDIA AIRPORT, NY US",1/16/2016,0.25,52,42
USW00014732,"LAGUARDIA AIRPORT, NY US",1/17/2016,0.05,44,31
USW00014732,"LAGUARDIA AIRPORT, NY US",1/18/2016,0,33,20
USW00014732,"LAGUARDIA AIRPORT, NY US",1/19/2016,0,30,18
USW00014732,"LAGUARDIA AIRPORT, NY US",1/20/2016,0,38,30
USW00014732,"LAGUARDIA AIRPORT, NY US",1/21/2016,0,38,27
USW00014732,"LAGUARDIA AIRPORT, NY US",1/22/2016,0,30,22
USW00014732,"LAGUARDIA AIRPORT, NY US",1/23/2016,2.4,28,25
USW00014732,"LAGUARDIA AIRPORT, NY US",1/24/2016,0.03,36,24
USW00014732,"LAGUARDIA AIRPORT, NY US",1/25/2016,0,38,30
USW00014732,"LAGUARDIA AIRPORT, NY US",1/26/2016,0,49,35
USW00014732,"LAGUARDIA AIRPORT, NY US",1/27/2016,0.01,48,34
USW00014732,"LAGUARDIA AIRPORT, NY US",1/28/2016,0,44,29
USW00014732,"LAGUARDIA AIRPORT, NY US",1/29/2016,0,42,32
USW00014732,"LAGUARDIA AIRPORT, NY US",1/30/2016,0,40,30
USW00014732,"LAGUARDIA AIRPORT, NY US",1/31/2016,0,56,37
USW00014732,"LAGUARDIA AIRPORT, NY US",2/1/2016,0,59,43
USW00014732,"LAGUARDIA AIRPORT, NY US",2/2/2016,0,52,38
USW00014732,"LAGUARDIA AIRPORT, NY US",2/3/2016,0.69,57,42
USW00014732,"LAGUARDIA AIRPORT, NY US",2/4/2016,0.01,58,44
USW00014732,"LAGUARDIA AIRPORT, NY US",2/5/2016,0.35,44,32
USW00014732,"LAGUARDIA AIRPORT, NY US",2/6/2016,0,40,32
USW00014732,"LAGUARDIA AIRPORT, NY US",2/7/2016,0,46,33
USW00014732,"LAGUARDIA AIRPORT, NY US",2/8/2016,0.06,41,28
USW00014732,"LAGUARDIA AIRPORT, NY US",2/9/2016,0,36,27
USW00014732,"LAGUARDIA AIRPORT, NY US",2/10/2016,0.01,40,32
USW00014732,"LAGUARDIA AIRPORT, NY US",2/11/2016,0.05,32,20
USW00014732,"LAGUARDIA AIRPORT, NY US",2/12/2016,0,27,17
USW00014732,"LAGUARDIA AIRPORT, NY US",2/13/2016,0,24,8
USW00014732,"LAGUARDIA AIRPORT, NY US",2/14/2016,0,17,1
USW00014732,"LAGUARDIA AIRPORT, NY US",2/15/2016,0.49,35,15
USW00014732,"LAGUARDIA AIRPORT, NY US",2/16/2016,0.8,57,35
USW00014732,"LAGUARDIA AIRPORT, NY US",2/17/2016,0,41,36
USW00014732,"LAGUARDIA AIRPORT, NY US",2/18/2016,0,37,28
USW00014732,"LAGUARDIA AIRPORT, NY US",2/19/2016,0,40,25
USW00014732,"LAGUARDIA AIRPORT, NY US",2/20/2016,0,62,40
USW00014732,"LAGUARDIA AIRPORT, NY US",2/21/2016,0.05,57,42
USW00014732,"LAGUARDIA AIRPORT, NY US",2/22/2016,0,53,38
USW00014732,"LAGUARDIA AIRPORT, NY US",2/23/2016,0.21,41,36
USW00014732,"LAGUARDIA AIRPORT, NY US",2/24/2016,1.55,61,36
USW00014732,"LAGUARDIA AIRPORT, NY US",2/25/2016,0.02,61,39
USW00014732,"LAGUARDIA AIRPORT, NY US",2/26/2016,0,40,29
USW00014732,"LAGUARDIA AIRPORT, NY US",2/27/2016,0,42,28
USW00014732,"LAGUARDIA AIRPORT, NY US",2/28/2016,0,61,39
USW00014732,"LAGUARDIA AIRPORT, NY US",2/29/2016,0.07,61,42
USW00014732,"LAGUARDIA AIRPORT, NY US",3/1/2016,0,53,40
USW00014732,"LAGUARDIA AIRPORT, NY US",3/2/2016,0.17,56,30
USW00014732,"LAGUARDIA AIRPORT, NY US",3/3/2016,0,37,27
USW00014732,"LAGUARDIA AIRPORT, NY US",3/4/2016,0.08,42,30
USW00014732,"LAGUARDIA AIRPORT, NY US",3/5/2016,0,41,30
USW00014732,"LAGUARDIA AIRPORT, NY US",3/6/2016,0,47,33
USW00014732,"LAGUARDIA AIRPORT, NY US",3/7/2016,0,61,37
USW00014732,"LAGUARDIA AIRPORT, NY US",3/8/2016,0,64,43
USW00014732,"LAGUARDIA AIRPORT, NY US",3/9/2016,0,75,41
USW00014732,"LAGUARDIA AIRPORT, NY US",3/10/2016,0,78,62
USW00014732,"LAGUARDIA AIRPORT, NY US",3/11/2016,0.04,66,49
USW00014732,"LAGUARDIA AIRPORT, NY US",3/12/2016,0,57,41
USW00014732,"LAGUARDIA AIRPORT, NY US",3/13/2016,0.01,64,50
USW00014732,"LAGUARDIA AIRPORT, NY US",3/14/2016,0.18,52,41
USW00014732,"LAGUARDIA AIRPORT, NY US",3/15/2016,0,57,44
USW00014732,"LAGUARDIA AIRPORT, NY US",3/16/2016,0.02,65,45
USW00014732,"LAGUARDIA AIRPORT, NY US",3/17/2016,0.04,64,45
USW00014732,"LAGUARDIA AIRPORT, NY US",3/18/2016,0,57,43
USW00014732,"LAGUARDIA AIRPORT, NY US",3/19/2016,0,47,37
USW00014732,"LAGUARDIA AIRPORT, NY US",3/20/2016,0.07,42,33
USW00014732,"LAGUARDIA AIRPORT, NY US",3/21/2016,0.07,50,33
USW00014732,"LAGUARDIA AIRPORT, NY US",3/22/2016,0,56,37
USW00014732,"LAGUARDIA AIRPORT, NY US",3/23/2016,0,71,49
USW00014732,"LAGUARDIA AIRPORT, NY US",3/24/2016,0,53,44
USW00014732,"LAGUARDIA AIRPORT, NY US",3/25/2016,0.07,73,44
USW00014732,"LAGUARDIA AIRPORT, NY US",3/26/2016,0,51,39
USW00014732,"LAGUARDIA AIRPORT, NY US",3/27/2016,0,54,43
USW00014732,"LAGUARDIA AIRPORT, NY US",3/28/2016,0.51,63,43
USW00014732,"LAGUARDIA AIRPORT, NY US",3/29/2016,0,53,42
USW00014732,"LAGUARDIA AIRPORT, NY US",3/30/2016,0,53,39
USW00014732,"LAGUARDIA AIRPORT, NY US",3/31/2016,0,70,49
USW00014732,"LAGUARDIA AIRPORT, NY US",4/1/2016,0.01,79,56
USW00014732,"LAGUARDIA AIRPORT, NY US",4/2/2016,0.13,61,48
USW00014732,"LAGUARDIA AIRPORT, NY US",4/3/2016,0.11,50,35
USW00014732,"LAGUARDIA AIRPORT, NY US",4/4/2016,0.5,45,31
USW00014732,"LAGUARDIA AIRPORT, NY US",4/5/2016,0,43,27
USW00014732,"LAGUARDIA AIRPORT, NY US",4/6/2016,0,48,32
USW00014732,"LAGUARDIA AIRPORT, NY US",4/7/2016,0.15,60,47
USW00014732,"LAGUARDIA AIRPORT, NY US",4/8/2016,0,51,41
USW00014732,"LAGUARDIA AIRPORT, NY US",4/9/2016,0.07,44,38
USW00014732,"LAGUARDIA AIRPORT, NY US",4/10/2016,0,50,33
USW00014732,"LAGUARDIA AIRPORT, NY US",4/11/2016,0.01,61,44
USW00014732,"LAGUARDIA AIRPORT, NY US",4/12/2016,0.22,58,46
USW00014732,"LAGUARDIA AIRPORT, NY US",4/13/2016,0,57,42
USW00014732,"LAGUARDIA AIRPORT, NY US",4/14/2016,0,61,43
USW00014732,"LAGUARDIA AIRPORT, NY US",4/15/2016,0,63,44
USW00014732,"LAGUARDIA AIRPORT, NY US",4/16/2016,0,65,45
USW00014732,"LAGUARDIA AIRPORT, NY US",4/17/2016,0,74,48
USW00014732,"LAGUARDIA AIRPORT, NY US",4/18/2016,0,80,49
USW00014732,"LAGUARDIA AIRPORT, NY US",4/19/2016,0,69,56
USW00014732,"LAGUARDIA AIRPORT, NY US",4/20/2016,0,67,51
USW00014732,"LAGUARDIA AIRPORT, NY US",4/21/2016,0,70,50
USW00014732,"LAGUARDIA AIRPORT, NY US",4/22/2016,0,78,61
USW00014732,"LAGUARDIA AIRPORT, NY US",4/23/2016,0.14,69,55
USW00014732,"LAGUARDIA AIRPORT, NY US",4/24/2016,0,67,48
USW00014732,"LAGUARDIA AIRPORT, NY US",4/25/2016,0,68,51
USW00014732,"LAGUARDIA AIRPORT, NY US",4/26/2016,0.3,57,47
USW00014732,"LAGUARDIA AIRPORT, NY US",4/27/2016,0,60,47
USW00014732,"LAGUARDIA AIRPORT, NY US",4/28/2016,0,59,48
USW00014732,"LAGUARDIA AIRPORT, NY US",4/29/2016,0.02,59,47
USW00014732,"LAGUARDIA AIRPORT, NY US",4/30/2016,0,63,47
USW00014732,"LAGUARDIA AIRPORT, NY US",5/1/2016,0.15,52,45
USW00014732,"LAGUARDIA AIRPORT, NY US",5/2/2016,0.04,62,45
USW00014732,"LAGUARDIA AIRPORT, NY US",5/3/2016,0.75,55,51
USW00014732,"LAGUARDIA AIRPORT, NY US",5/4/2016,0.03,54,49
USW00014732,"LAGUARDIA AIRPORT, NY US",5/5/2016,0,58,47
USW00014732,"LAGUARDIA AIRPORT, NY US",5/6/2016,0.56,55,49
USW00014732,"LAGUARDIA AIRPORT, NY US",5/7/2016,0,57,49
USW00014732,"LAGUARDIA AIRPORT, NY US",5/8/2016,0.15,65,49
USW00014732,"LAGUARDIA AIRPORT, NY US",5/9/2016,0,74,54
USW00014732,"LAGUARDIA AIRPORT, NY US",5/10/2016,0,65,51
USW00014732,"LAGUARDIA AIRPORT, NY US",5/11/2016,0,74,53
USW00014732,"LAGUARDIA AIRPORT, NY US",5/12/2016,0,78,56
USW00014732,"LAGUARDIA AIRPORT, NY US",5/13/2016,0.25,67,58
USW00014732,"LAGUARDIA AIRPORT, NY US",5/14/2016,0,73,58
USW00014732,"LAGUARDIA AIRPORT, NY US",5/15/2016,0,59,47
USW00014732,"LAGUARDIA AIRPORT, NY US",5/16/2016,0,68,44
USW00014732,"LAGUARDIA AIRPORT, NY US",5/17/2016,0,68,56
USW00014732,"LAGUARDIA AIRPORT, NY US",5/18/2016,0,69,55
USW00014732,"LAGUARDIA AIRPORT, NY US",5/19/2016,0,71,56
USW00014732,"LAGUARDIA AIRPORT, NY US",5/20/2016,0,78,57
USW00014732,"LAGUARDIA AIRPORT, NY US",5/21/2016,0.07,67,56
USW00014732,"LAGUARDIA AIRPORT, NY US",5/22/2016,0.11,71,54
USW00014732,"LAGUARDIA AIRPORT, NY US",5/23/2016,0,77,56
USW00014732,"LAGUARDIA AIRPORT, NY US",5/24/2016,0.28,76,60
USW00014732,"LAGUARDIA AIRPORT, NY US",5/25/2016,0,90,60
USW00014732,"LAGUARDIA AIRPORT, NY US",5/26/2016,0,92,71
USW00014732,"LAGUARDIA AIRPORT, NY US",5/27/2016,0,88,67
USW00014732,"LAGUARDIA AIRPORT, NY US",5/28/2016,0,92,73
USW00014732,"LAGUARDIA AIRPORT, NY US",5/29/2016,0,87,70
USW00014732,"LAGUARDIA AIRPORT, NY US",5/30/2016,1.53,82,69
USW00014732,"LAGUARDIA AIRPORT, NY US",5/31/2016,0,84,69
USW00014732,"LAGUARDIA AIRPORT, NY US",6/1/2016,0,83,65
USW00014732,"LAGUARDIA AIRPORT, NY US",6/2/2016,0,74,62
USW00014732,"LAGUARDIA AIRPORT, NY US",6/3/2016,0.02,72,63
USW00014732,"LAGUARDIA AIRPORT, NY US",6/4/2016,0.27,83,66
USW00014732,"LAGUARDIA AIRPORT, NY US",6/5/2016,0.67,74,67
USW00014732,"LAGUARDIA AIRPORT, NY US",6/6/2016,0,87,68
USW00014732,"LAGUARDIA AIRPORT, NY US",6/7/2016,0.01,87,66
USW00014732,"LAGUARDIA AIRPORT, NY US",6/8/2016,0.44,70,55
USW00014732,"LAGUARDIA AIRPORT, NY US",6/9/2016,0,74,56
USW00014732,"LAGUARDIA AIRPORT, NY US",6/10/2016,0,78,59
USW00014732,"LAGUARDIA AIRPORT, NY US",6/11/2016,0.1,90,64
USW00014732,"LAGUARDIA AIRPORT, NY US",6/12/2016,0,86,63
USW00014732,"LAGUARDIA AIRPORT, NY US",6/13/2016,0,74,59
USW00014732,"LAGUARDIA AIRPORT, NY US",6/14/2016,0,81,60
USW00014732,"LAGUARDIA AIRPORT, NY US",6/15/2016,0,87,66
USW00014732,"LAGUARDIA AIRPORT, NY US",6/16/2016,0.12,77,68
USW00014732,"LAGUARDIA AIRPORT, NY US",6/17/2016,0,80,66
USW00014732,"LAGUARDIA AIRPORT, NY US",6/18/2016,0,86,63
USW00014732,"LAGUARDIA AIRPORT, NY US",6/19/2016,0,84,68
USW00014732,"LAGUARDIA AIRPORT, NY US",6/20/2016,0,83,66
USW00014732,"LAGUARDIA AIRPORT, NY US",6/21/2016,0,89,73
USW00014732,"LAGUARDIA AIRPORT, NY US",6/22/2016,0,86,67
USW00014732,"LAGUARDIA AIRPORT, NY US",6/23/2016,0,81,68
USW00014732,"LAGUARDIA AIRPORT, NY US",6/24/2016,0,85,68
USW00014732,"LAGUARDIA AIRPORT, NY US",6/25/2016,0,83,65
USW00014732,"LAGUARDIA AIRPORT, NY US",6/26/2016,0,86,70
USW00014732,"LAGUARDIA AIRPORT, NY US",6/27/2016,0.28,84,69
USW00014732,"LAGUARDIA AIRPORT, NY US",6/28/2016,0.33,78,70
USW00014732,"LAGUARDIA AIRPORT, NY US",6/29/2016,0,87,70
USW00014732,"LAGUARDIA AIRPORT, NY US",6/30/2016,0,87,70
USW00014732,"LAGUARDIA AIRPORT, NY US",7/1/2016,0.28,81,70
USW00014732,"LAGUARDIA AIRPORT, NY US",7/2/2016,0,78,68
USW00014732,"LAGUARDIA AIRPORT, NY US",7/3/2016,0,82,69
USW00014732,"LAGUARDIA AIRPORT, NY US",7/4/2016,0.51,86,69
USW00014732,"LAGUARDIA AIRPORT, NY US",7/5/2016,0.57,89,69
USW00014732,"LAGUARDIA AIRPORT, NY US",7/6/2016,0,96,77
USW00014732,"LAGUARDIA AIRPORT, NY US",7/7/2016,0.02,93,75
USW00014732,"LAGUARDIA AIRPORT, NY US",7/8/2016,0.01,86,69
USW00014732,"LAGUARDIA AIRPORT, NY US",7/9/2016,0.41,74,66
USW00014732,"LAGUARDIA AIRPORT, NY US",7/10/2016,0,81,67
USW00014732,"LAGUARDIA AIRPORT, NY US",7/11/2016,0,83,69
USW00014732,"LAGUARDIA AIRPORT, NY US",7/12/2016,0,84,71
USW00014732,"LAGUARDIA AIRPORT, NY US",7/13/2016,0,86,73
USW00014732,"LAGUARDIA AIRPORT, NY US",7/14/2016,0.5,91,75
USW00014732,"LAGUARDIA AIRPORT, NY US",7/15/2016,0,92,82
USW00014732,"LAGUARDIA AIRPORT, NY US",7/16/2016,0,92,77
USW00014732,"LAGUARDIA AIRPORT, NY US",7/17/2016,0,93,77
USW00014732,"LAGUARDIA AIRPORT, NY US",7/18/2016,0.12,97,78
USW00014732,"LAGUARDIA AIRPORT, NY US",7/19/2016,0,85,76
USW00014732,"LAGUARDIA AIRPORT, NY US",7/20/2016,0,85,71
USW00014732,"LAGUARDIA AIRPORT, NY US",7/21/2016,0,91,75
USW00014732,"LAGUARDIA AIRPORT, NY US",7/22/2016,0,98,76
USW00014732,"LAGUARDIA AIRPORT, NY US",7/23/2016,0,99,82
USW00014732,"LAGUARDIA AIRPORT, NY US",7/24/2016,0,94,76
USW00014732,"LAGUARDIA AIRPORT, NY US",7/25/2016,0.79,94,77
USW00014732,"LAGUARDIA AIRPORT, NY US",7/26/2016,0,94,75
USW00014732,"LAGUARDIA AIRPORT, NY US",7/27/2016,0,94,77
USW00014732,"LAGUARDIA AIRPORT, NY US",7/28/2016,0,94,78
USW00014732,"LAGUARDIA AIRPORT, NY US",7/29/2016,1.02,85,71
USW00014732,"LAGUARDIA AIRPORT, NY US",7/30/2016,0.18,84,75
USW00014732,"LAGUARDIA AIRPORT, NY US",7/31/2016,0.57,83,72
USW00014732,"LAGUARDIA AIRPORT, NY US",8/1/2016,0,80,71
USW00014732,"LAGUARDIA AIRPORT, NY US",8/2/2016,0,78,71
USW00014732,"LAGUARDIA AIRPORT, NY US",8/3/2016,0,82,68
USW00014732,"LAGUARDIA AIRPORT, NY US",8/4/2016,0,84,70
USW00014732,"LAGUARDIA AIRPORT, NY US",8/5/2016,0,86,72
USW00014732,"LAGUARDIA AIRPORT, NY US",8/6/2016,0,91,75
USW00014732,"LAGUARDIA AIRPORT, NY US",8/7/2016,0,89,74
USW00014732,"LAGUARDIA AIRPORT, NY US",8/8/2016,0,87,75
USW00014732,"LAGUARDIA AIRPORT, NY US",8/9/2016,0,89,75
USW00014732,"LAGUARDIA AIRPORT, NY US",8/10/2016,0.06,89,76
USW00014732,"LAGUARDIA AIRPORT, NY US",8/11/2016,0.35,97,78
USW00014732,"LAGUARDIA AIRPORT, NY US",8/12/2016,0.28,98,76
USW00014732,"LAGUARDIA AIRPORT, NY US",8/13/2016,0,98,84
USW00014732,"LAGUARDIA AIRPORT, NY US",8/14/2016,0.01,98,81
USW00014732,"LAGUARDIA AIRPORT, NY US",8/15/2016,0,93,78
USW00014732,"LAGUARDIA AIRPORT, NY US",8/16/2016,0.13,91,78
USW00014732,"LAGUARDIA AIRPORT, NY US",8/17/2016,0,86,79
USW00014732,"LAGUARDIA AIRPORT, NY US",8/18/2016,0.02,88,75
USW00014732,"LAGUARDIA AIRPORT, NY US",8/19/2016,0.02,89,77
USW00014732,"LAGUARDIA AIRPORT, NY US",8/20/2016,0.12,85,75
USW00014732,"LAGUARDIA AIRPORT, NY US",8/21/2016,0.13,89,76
USW00014732,"LAGUARDIA AIRPORT, NY US",8/22/2016,0,79,70
USW00014732,"LAGUARDIA AIRPORT, NY US",8/23/2016,0,84,67
USW00014732,"LAGUARDIA AIRPORT, NY US",8/24/2016,0,89,71
USW00014732,"LAGUARDIA AIRPORT, NY US",8/25/2016,0.01,86,73
USW00014732,"LAGUARDIA AIRPORT, NY US",8/26/2016,0,91,77
USW00014732,"LAGUARDIA AIRPORT, NY US",8/27/2016,0,89,76
USW00014732,"LAGUARDIA AIRPORT, NY US",8/28/2016,0,89,74
USW00014732,"LAGUARDIA AIRPORT, NY US",8/29/2016,0,91,77
USW00014732,"LAGUARDIA AIRPORT, NY US",8/30/2016,0,86,72
USW00014732,"LAGUARDIA AIRPORT, NY US",8/31/2016,0,90,76
USW00014732,"LAGUARDIA AIRPORT, NY US",9/1/2016,0.34,80,73
USW00014732,"LAGUARDIA AIRPORT, NY US",9/2/2016,0,83,68
USW00014732,"LAGUARDIA AIRPORT, NY US",9/3/2016,0,76,69
USW00014732,"LAGUARDIA AIRPORT, NY US",9/4/2016,0,81,66
USW00014732,"LAGUARDIA AIRPORT, NY US",9/5/2016,0,84,67
USW00014732,"LAGUARDIA AIRPORT, NY US",9/6/2016,0.01,82,72
USW00014732,"LAGUARDIA AIRPORT, NY US",9/7/2016,0,86,72
USW00014732,"LAGUARDIA AIRPORT, NY US",9/8/2016,0,88,73
USW00014732,"LAGUARDIA AIRPORT, NY US",9/9/2016,0.05,93,77
USW00014732,"LAGUARDIA AIRPORT, NY US",9/10/2016,0,91,76
USW00014732,"LAGUARDIA AIRPORT, NY US",9/11/2016,0,84,70
USW00014732,"LAGUARDIA AIRPORT, NY US",9/12/2016,0,78,64
USW00014732,"LAGUARDIA AIRPORT, NY US",9/13/2016,0,82,68
USW00014732,"LAGUARDIA AIRPORT, NY US",9/14/2016,0.37,92,70
USW00014732,"LAGUARDIA AIRPORT, NY US",9/15/2016,0,75,63
USW00014732,"LAGUARDIA AIRPORT, NY US",9/16/2016,0,75,64
USW00014732,"LAGUARDIA AIRPORT, NY US",9/17/2016,0,78,64
USW00014732,"LAGUARDIA AIRPORT, NY US",9/18/2016,0,85,72
USW00014732,"LAGUARDIA AIRPORT, NY US",9/19/2016,0.78,77,72
USW00014732,"LAGUARDIA AIRPORT, NY US",9/20/2016,0,84,71
USW00014732,"LAGUARDIA AIRPORT, NY US",9/21/2016,0,85,73
USW00014732,"LAGUARDIA AIRPORT, NY US",9/22/2016,0,86,70
USW00014732,"LAGUARDIA AIRPORT, NY US",9/23/2016,0.24,89,66
USW00014732,"LAGUARDIA AIRPORT, NY US",9/24/2016,0.2,72,59
USW00014732,"LAGUARDIA AIRPORT, NY US",9/25/2016,0,71,58
USW00014732,"LAGUARDIA AIRPORT, NY US",9/26/2016,0,73,57
USW00014732,"LAGUARDIA AIRPORT, NY US",9/27/2016,0.15,76,66
USW00014732,"LAGUARDIA AIRPORT, NY US",9/28/2016,0,71,60
USW00014732,"LAGUARDIA AIRPORT, NY US",9/29/2016,0,67,60
USW00014732,"LAGUARDIA AIRPORT, NY US",9/30/2016,0.39,64,58
USW00014732,"LAGUARDIA AIRPORT, NY US",10/1/2016,0,64,58
USW00014732,"LAGUARDIA AIRPORT, NY US",10/2/2016,0,65,58
USW00014732,"LAGUARDIA AIRPORT, NY US",10/3/2016,0,73,62
USW00014732,"LAGUARDIA AIRPORT, NY US",10/4/2016,0,71,62
USW00014732,"LAGUARDIA AIRPORT, NY US",10/5/2016,0,69,55
USW00014732,"LAGUARDIA AIRPORT, NY US",10/6/2016,0,75,59
USW00014732,"LAGUARDIA AIRPORT, NY US",10/7/2016,0,77,60
USW00014732,"LAGUARDIA AIRPORT, NY US",10/8/2016,0.14,69,61
USW00014732,"LAGUARDIA AIRPORT, NY US",10/9/2016,0.48,67,54
USW00014732,"LAGUARDIA AIRPORT, NY US",10/10/2016,0,65,50
USW00014732,"LAGUARDIA AIRPORT, NY US",10/11/2016,0,64,49
USW00014732,"LAGUARDIA AIRPORT, NY US",10/12/2016,0,69,56
USW00014732,"LAGUARDIA AIRPORT, NY US",10/13/2016,0,70,56
USW00014732,"LAGUARDIA AIRPORT, NY US",10/14/2016,0,64,50
USW00014732,"LAGUARDIA AIRPORT, NY US",10/15/2016,0,66,49
USW00014732,"LAGUARDIA AIRPORT, NY US",10/16/2016,0,74,55
USW00014732,"LAGUARDIA AIRPORT, NY US",10/17/2016,0,83,66
USW00014732,"LAGUARDIA AIRPORT, NY US",10/18/2016,0,82,68
USW00014732,"LAGUARDIA AIRPORT, NY US",10/19/2016,0,86,68
USW00014732,"LAGUARDIA AIRPORT, NY US",10/20/2016,0,73,63
USW00014732,"LAGUARDIA AIRPORT, NY US",10/21/2016,1.81,71,61
USW00014732,"LAGUARDIA AIRPORT, NY US",10/22/2016,0.31,62,49
USW00014732,"LAGUARDIA AIRPORT, NY US",10/23/2016,0,64,48
USW00014732,"LAGUARDIA AIRPORT, NY US",10/24/2016,0,64,50
USW00014732,"LAGUARDIA AIRPORT, NY US",10/25/2016,0,55,46
USW00014732,"LAGUARDIA AIRPORT, NY US",10/26/2016,0,52,41
USW00014732,"LAGUARDIA AIRPORT, NY US",10/27/2016,1.32,58,42
USW00014732,"LAGUARDIA AIRPORT, NY US",10/28/2016,0,54,44
USW00014732,"LAGUARDIA AIRPORT, NY US",10/29/2016,0,66,44
USW00014732,"LAGUARDIA AIRPORT, NY US",10/30/2016,0.76,78,57
USW00014732,"LAGUARDIA AIRPORT, NY US",10/31/2016,0,57,47
USW00014732,"LAGUARDIA AIRPORT, NY US",11/1/2016,0,61,44
USW00014732,"LAGUARDIA AIRPORT, NY US",11/2/2016,0,72,56
USW00014732,"LAGUARDIA AIRPORT, NY US",11/3/2016,0,75,59
USW00014732,"LAGUARDIA AIRPORT, NY US",11/4/2016,0,62,51
USW00014732,"LAGUARDIA AIRPORT, NY US",11/5/2016,0,64,48
USW00014732,"LAGUARDIA AIRPORT, NY US",11/6/2016,0,60,47
USW00014732,"LAGUARDIA AIRPORT, NY US",11/7/2016,0,58,43
USW00014732,"LAGUARDIA AIRPORT, NY US",11/8/2016,0,70,47
USW00014732,"LAGUARDIA AIRPORT, NY US",11/9/2016,0.02,63,51
USW00014732,"LAGUARDIA AIRPORT, NY US",11/10/2016,0,58,44
USW00014732,"LAGUARDIA AIRPORT, NY US",11/11/2016,0,63,44
USW00014732,"LAGUARDIA AIRPORT, NY US",11/12/2016,0,52,40
USW00014732,"LAGUARDIA AIRPORT, NY US",11/13/2016,0,64,43
USW00014732,"LAGUARDIA AIRPORT, NY US",11/14/2016,0,64,50
USW00014732,"LAGUARDIA AIRPORT, NY US",11/15/2016,1.61,58,49
USW00014732,"LAGUARDIA AIRPORT, NY US",11/16/2016,0,64,48
USW00014732,"LAGUARDIA AIRPORT, NY US",11/17/2016,0,63,52
USW00014732,"LAGUARDIA AIRPORT, NY US",11/18/2016,0,67,48
USW00014732,"LAGUARDIA AIRPORT, NY US",11/19/2016,0.18,62,42
USW00014732,"LAGUARDIA AIRPORT, NY US",11/20/2016,0.34,44,37
USW00014732,"LAGUARDIA AIRPORT, NY US",11/21/2016,0,43,39
USW00014732,"LAGUARDIA AIRPORT, NY US",11/22/2016,0,44,39
USW00014732,"LAGUARDIA AIRPORT, NY US",11/23/2016,0,46,37
USW00014732,"LAGUARDIA AIRPORT, NY US",11/24/2016,0.02,50,41
USW00014732,"LAGUARDIA AIRPORT, NY US",11/25/2016,0.01,56,47
USW00014732,"LAGUARDIA AIRPORT, NY US",11/26/2016,0,52,44
USW00014732,"LAGUARDIA AIRPORT, NY US",11/27/2016,0,51,43
USW00014732,"LAGUARDIA AIRPORT, NY US",11/28/2016,0,53,42
USW00014732,"LAGUARDIA AIRPORT, NY US",11/29/2016,2.23,62,52
USW00014732,"LAGUARDIA AIRPORT, NY US",11/30/2016,0.96,61,52
USW00014732,"LAGUARDIA AIRPORT, NY US",12/1/2016,0.05,57,45
USW00014732,"LAGUARDIA AIRPORT, NY US",12/2/2016,0,53,43
USW00014732,"LAGUARDIA AIRPORT, NY US",12/3/2016,0,50,43
USW00014732,"LAGUARDIA AIRPORT, NY US",12/4/2016,0,48,41
USW00014732,"LAGUARDIA AIRPORT, NY US",12/5/2016,0.18,51,40
USW00014732,"LAGUARDIA AIRPORT, NY US",12/6/2016,0.35,47,41
USW00014732,"LAGUARDIA AIRPORT, NY US",12/7/2016,0.06,47,41
USW00014732,"LAGUARDIA AIRPORT, NY US",12/8/2016,0,45,36
USW00014732,"LAGUARDIA AIRPORT, NY US",12/9/2016,0,42,32
USW00014732,"LAGUARDIA AIRPORT, NY US",12/10/2016,0,37,31
USW00014732,"LAGUARDIA AIRPORT, NY US",12/11/2016,0.03,36,30
USW00014732,"LAGUARDIA AIRPORT, NY US",12/12/2016,0.53,48,35
USW00014732,"LAGUARDIA AIRPORT, NY US",12/13/2016,0,45,39
USW00014732,"LAGUARDIA AIRPORT, NY US",12/14/2016,0,44,36
USW00014732,"LAGUARDIA AIRPORT, NY US",12/15/2016,0,36,21
USW00014732,"LAGUARDIA AIRPORT, NY US",12/16/2016,0,29,19
USW00014732,"LAGUARDIA AIRPORT, NY US",12/17/2016,0.7,40,26
USW00014732,"LAGUARDIA AIRPORT, NY US",12/18/2016,0.05,61,33
USW00014732,"LAGUARDIA AIRPORT, NY US",12/19/2016,0,33,25
USW00014732,"LAGUARDIA AIRPORT, NY US",12/20/2016,0,36,23
USW00014732,"LAGUARDIA AIRPORT, NY US",12/21/2016,0,42,33
USW00014732,"LAGUARDIA AIRPORT, NY US",12/22/2016,0,50,37
USW00014732,"LAGUARDIA AIRPORT, NY US",12/23/2016,0,48,41
USW00014732,"LAGUARDIA AIRPORT, NY US",12/24/2016,0.52,49,40
USW00014732,"LAGUARDIA AIRPORT, NY US",12/25/2016,0,51,38
USW00014732,"LAGUARDIA AIRPORT, NY US",12/26/2016,0,52,34
USW00014732,"LAGUARDIA AIRPORT, NY US",12/27/2016,0,62,42
USW00014732,"LAGUARDIA AIRPORT, NY US",12/28/2016,0,42,35
USW00014732,"LAGUARDIA AIRPORT, NY US",12/29/2016,0.48,48,34
USW00014732,"LAGUARDIA AIRPORT, NY US",12/30/2016,0,42,35
USW00014732,"LAGUARDIA AIRPORT, NY US",12/31/2016,0,45,34
